-- Inserção de dados para todas as tabelas, compatível com H2

INSERT INTO tb_cliente (id, ativo, cpf, data_nascimento, email, email_secundario, genero, grupo, nome_completo, senha) VALUES
(1, TRUE, '987.654.321-00', '1997-09-12', 'ecthor.silva@email.com', 'ecthor.nunes@email.com', 'Masculino', 'CLIENTE', 'Ecthor Silva', '$2a$10$IgclrWUKWPhMa7srje01QuTnMjgscHO3oqqpYVL/Srd.43WLmy5xu');

INSERT INTO tb_produto (id, ativo, avaliacao, categoria, descricao_detalhada, distribuidor, img_url, nome, parcelas, preco, preco_com_desconto, quantidade_em_estoque, tem_desconto, imagem_base64) VALUES
(1, TRUE, 5.0, 1, 'Far Cry 3 leva os jogadores à pele de Jason Brody...', 'Ubisoft', 'https://assets.nuuvem.com/image/upload/t_banner_big/v1/products/557dba4769702d0a9c4e1100/banners/nmsyv3r0zp66seeg5g69.jpg', 'Far Cry 3', 3, 59.99, 19.99, 10, TRUE, NULL),
(2, TRUE, 3.0, 1, 'Bem-vindo a São Francisco! Seu objetivo: a maior operação hacker da história...', 'Ubisoft', 'https://assets.nuuvem.com/image/upload/t_banner_big/v1/products/575aff17d277343eff0001e9/banners/pwkjxknabmiwxpjknrws.jpg', 'Watch_Dogs 2', 3, 149.99, 22.49, 10, TRUE, NULL),
(3, TRUE, 3.5, 1, 'O Príncipe da Pérsia, um experiente guerreiro, retorna...', 'Ubisoft', 'https://assets.nuuvem.com/image/upload/t_banner_big/v1/products/557dba3269702d0a9c8e0700/banners/bofbgewhdruwfrjnlx67.jpg', 'Prince of Persia: The Two Thrones', 3, 29.99, 5.99, 10, TRUE, NULL),
(4, TRUE, 1.5, 1, 'O UNO que você conhece e ama - e muito mais!...', 'Ubisoft', 'https://assets.nuuvem.com/image/upload/t_banner_big/v1/products/5c0fed352a1c6e02c3c0c98a/banners/cfci3cqtlyu0znye7gfy.jpg', 'UNO', 3, 29.99, 0.00, 10, FALSE, NULL),
(5, TRUE, 5.0, 1, 'Recupere o Reino Perdido peça por peça! Junte-se a Bilbo Bolseiro...', 'Warner Bros. Games', 'https://assets.nuuvem.com/image/upload/t_banner_big/v1/products/557dbc1e69702d0a9c62d400/banners/jtqzsafetae2lo5vhysp.jpg', 'LEGO The Hobbit', 3, 89.99, 4.49, 10, TRUE, NULL),
(6, TRUE, 5.0, 1, 'Quando todos os vilões do Arkham Asylum se unem e fogem...', 'Warner Bros. Games', 'https://assets.nuuvem.com/image/upload/t_banner_big/v1/products/557dbaf169702d0a9cb55f00/banners/pcqddpt6bo50hlebrxol.jpg', 'LEGO Batman', 3, 89.99, 4.49, 10, TRUE, NULL),
(7, TRUE, 2.6, 0, 'Mortal Kombat está de volta, melhor do que nunca...', 'Warner Bros. Games', 'https://assets.nuuvem.com/image/upload/t_banner_big/v1/products/5c5093428810242173c0bb5c/banners/d2m04tkhgphzxvcskrwk.jpg', 'Mortal Kombat 11', 3, 229.99, 20.69, 10, TRUE, NULL),
(8, TRUE, 3.6, 0, 'Back 4 Blood é um jogo de tiro em primeira pessoa...', 'Warner Bros. Games', 'https://assets.nuuvem.com/image/upload/t_banner_big/v1/products/60087598a3f8b147910a6750/banners/dmsyjen4zc3whgheq6x4.jpg', 'Back 4 Blood', 3, 279.99, 25.19, 10, TRUE, NULL),
(9, TRUE, 5.0, 1, 'Cult of the Lamb coloca o jogador no papel de um cordeiro possuído...', 'Devolver', 'https://assets.nuuvem.com/image/upload/t_banner_big/v1/products/62c7039e4e421d00161d73e6/banners/qfvemajsxksnqg8qn6vd.jpg', 'Cult of the Lamb', 3, 64.95, 0.00, 10, FALSE, NULL),
(10, TRUE, 5.0, 4, 'Ceifar a alma dos mortos e bater o cartão pode ser uma rotina monótona...', 'Devolver', 'https://assets.nuuvem.com/image/upload/t_banner_big/v1/products/60fad187a3f8b14a5deb775b/banners/xemvrayuvukttztjdlwn.jpg', 'Death''s Door', 3, 59.99, 0.00, 10, FALSE, NULL),
(11, TRUE, 4.0, 3, 'O grande tesouro supremo do lendário Gundeon foi descoberto...', 'Devolver', 'https://assets.nuuvem.com/image/upload/t_banner_big/v1/products/56d9b255d277346f9f000029/banners/pue8g7ynwfaddgluwkd9.jpg', 'Enter the Gungeon', 3, 46.99, 0.00, 10, FALSE, NULL),
(12, TRUE, 4.0, 3, 'Perambule por uma ilha minúscula em um planeta coberto de poluição...', 'Devolver', 'https://assets.nuuvem.com/image/upload/t_banner_big/v1/products/60c0dc92c883e604a3e41e46/banners/bqbr8crvhjboz2nemg3t.jpg', 'Sludge Life', 3, 46.99, 0.00, 10, FALSE, NULL),
(13, TRUE, 5.0, 2, 'Levante-se, Maculado, e seja guiado pela graça...', 'FromSoftware', 'https://assets.nuuvem.com/image/upload/t_banner_big/v1/products/618418052f91a002e3f9cf6b/banners/bbmglzl5shlmvc7dv2ix.jpg', 'Elden Ring', 3, 229.99, 0.00, 10, FALSE, NULL),
(14, TRUE, 5.0, 2, 'Então, houve fogo. Vivencie novamente o jogo que iniciou tudo...', 'FromSoftware', 'https://assets.nuuvem.com/image/upload/t_banner_big/v1/products/5b0467082a1c6e250aceff3f/banners/t7wk5ojrnuff2osmz28g.jpg', 'Dark Souls Remastered', 3, 154.90, 69.70, 10, TRUE, NULL),
(15, TRUE, 5.0, 2, 'Os jogadores terão uma grande surpresa em DARK SOULS II...', 'FromSoftware', 'https://assets.nuuvem.com/image/upload/t_banner_big/v1/products/570bab1cf3728033c70005b7/banners/ljtxgaz9bczx8jyl8nka.jpg', 'DARK SOULS II: Scholar of the First Sin', 3, 154.90, 69.69, 10, TRUE, NULL),
(16, TRUE, 5.0, 2, 'À medida que o fogo desvanece e o mundo vai à ruína...', 'FromSoftware', 'https://assets.nuuvem.com/image/upload/t_banner_big/v1/products/5703b71ed277345658000059/banners/uhvknekkx3n5nalqlaap.jpg', 'DARK SOULS III', 3, 229.99, 103.45, 10, TRUE, NULL),
(17, TRUE, 5.0, 1, 'Do lendário diretor Hideo Kojima, surge uma experiência...', 'Kojima Productions', 'https://assets.nuuvem.com/image/upload/t_banner_big/v1/products/62449221b193230016108781/banners/gtepjsgkao3hw5inbv7s.jpg', 'Death Stranding Director''s Cut', 3, 159.00, 0.00, 10, FALSE, NULL),
(18, TRUE, 5.0, 1, 'Black Myth: Wukong é um RPG de ação inspirado na mitologia chinesa...', 'Game Science', 'https://assets.nuuvem.com/image/upload/t_banner_big/v1/products/66a136e7e4a2a7aa99b76768/banner/d6sexkbrkj6kxrhuguq4.jpg', 'Black Myth: Wukong', 3, 229.99, 204.99, 10, TRUE, NULL);

INSERT INTO tb_imagem_produto (id, diretorio, nome_imagem, principal, produto_id, imagem_base64) VALUES
(1, '/imagens/produtos/', 'https://assets.nuuvem.com/image/upload/t_screenshot_full/v1/products/557dba4769702d0a9c4e1100/screenshots/l0aerhu9widfsmt1rbrr.jpg', FALSE, 1, NULL),
(2, '/imagens/produtos/', 'https://assets.nuuvem.com/image/upload/t_screenshot_full/v1/products/557dba4769702d0a9c4e1100/screenshots/bqzbfxxsbkd4eljyw0h6.jpg', FALSE, 1, NULL),
(3, '/imagens/produtos/', 'https://assets.nuuvem.com/image/upload/t_screenshot_full/v1/products/557dba4769702d0a9c4e1100/screenshots/d0wfeldnoj0g0to9wvt3.jpg', FALSE, 1, NULL),
(4, '/imagens/produtos/', 'https://assets.nuuvem.com/image/upload/t_screenshot_full/v1/products/575aff17d277343eff0001e9/screenshots/jxpiqejawsjejtfgvzhy.jpg', FALSE, 2, NULL),
(5, '/imagens/produtos/', 'https://assets.nuuvem.com/image/upload/t_screenshot_full/v1/products/575aff17d277343eff0001e9/screenshots/czo3bnid8yqdp8j9zwal.jpg', FALSE, 2, NULL),
(6, '/imagens/produtos/', 'https://assets.nuuvem.com/image/upload/t_screenshot_full/v1/products/575aff17d277343eff0001e9/screenshots/xnox8vgqddtbb3ltfjaw.jpg', FALSE, 2, NULL),
(7, '/imagens/produtos/', 'https://assets.nuuvem.com/image/upload/t_screenshot_full/v1/products/557dba3269702d0a9c8e0700/screenshots/xlqgoavolhomm4gnizta.jpg', FALSE, 3, NULL),
(8, '/imagens/produtos/', 'https://assets.nuuvem.com/image/upload/t_screenshot_full/v1/products/557dba3269702d0a9c8e0700/screenshots/thwga4vknyghoznuvccy.jpg', FALSE, 3, NULL),
(9, '/imagens/produtos/', 'https://assets.nuuvem.com/image/upload/t_screenshot_full/v1/products/557dba3269702d0a9c8e0700/screenshots/cxetr5c8yiztf2bszl0f.jpg', FALSE, 3, NULL),
(10, '/imagens/produtos/', 'https://assets.nuuvem.com/image/upload/t_screenshot_full/v1/products/5c0feb8a88102447edfd94fe/screenshots/fdy8jenh1reiq7688md4.jpg', FALSE, 4, NULL),
(11, '/imagens/produtos/', 'https://assets.nuuvem.com/image/upload/t_screenshot_full/v1/products/5c0feb8a88102447edfd94fe/screenshots/bm0v3mzlup8nrbmnonqg.jpg', FALSE, 4, NULL),
(12, '/imagens/produtos/', 'https://assets.nuuvem.com/image/upload/t_screenshot_full/v1/products/5c0feb8a88102447edfd94fe/screenshots/wkgnhoqhc3k8qnsdcudl.jpg', FALSE, 4, NULL),
(13, '/imagens/produtos/', 'https://assets.nuuvem.com/image/upload/t_screenshot_full/v1/products/557dbc1e69702d0a9c62d400/screenshots/talxz2xzpc0phiim088v.jpg', FALSE, 5, NULL),
(14, '/imagens/produtos/', 'https://assets.nuuvem.com/image/upload/t_screenshot_full/v1/products/557dbc1e69702d0a9c62d400/screenshots/l22zmchxtlhmg6h4kmaf.jpg', FALSE, 5, NULL),
(15, '/imagens/produtos/', 'https://assets.nuuvem.com/image/upload/t_screenshot_full/v1/products/557dbc1e69702d0a9c62d400/screenshots/xrdonsznbhl784axpqil.jpg', FALSE, 5, NULL),
(16, '/imagens/produtos/', 'https://assets.nuuvem.com/image/upload/t_screenshot_full/v1/products/557dbaf169702d0a9cb55f00/screenshots/lspt1ushlxawg506d04f.jpg', FALSE, 6, NULL),
(17, '/imagens/produtos/', 'https://assets.nuuvem.com/image/upload/t_screenshot_full/v1/products/557dbaf169702d0a9cb55f00/screenshots/vpa8prhqj0ueqevixwzl.jpg', FALSE, 6, NULL),
(18, '/imagens/produtos/', 'https://assets.nuuvem.com/image/upload/t_screenshot_full/v1/products/557dbaf169702d0a9cb55f00/screenshots/gxekdsnmobh1xxhspwj6.jpg', FALSE, 6, NULL),
(19, '/imagens/produtos/', 'https://assets.nuuvem.com/image/upload/t_screenshot_full/v1/products/5c5093428810242173c0bb5c/screenshots/eq7suv6wjzlgu81odiob.jpg', FALSE, 7, NULL),
(20, '/imagens/produtos/', 'https://assets.nuuvem.com/image/upload/t_screenshot_full/v1/products/5c5093428810242173c0bb5c/screenshots/kesqotwkspjhulehclqc.jpg', FALSE, 7, NULL),
(21, '/imagens/produtos/', 'https://assets.nuuvem.com/image/upload/t_screenshot_full/v1/products/5c5093428810242173c0bb5c/screenshots/uvwltzjkmjvrb9digzjn.jpg', FALSE, 7, NULL),
(22, '/imagens/produtos/', 'https://assets.nuuvem.com/image/upload/t_screenshot_full/v1/products/60087598a3f8b147910a6750/screenshots/khi867gnrpbyhjh41xmn.jpg', FALSE, 8, NULL),
(23, '/imagens/produtos/', 'https://assets.nuuvem.com/image/upload/t_screenshot_full/v1/products/60087598a3f8b147910a6750/screenshots/qkbnzexjvccdp8lvpfok.jpg', FALSE, 8, NULL),
(24, '/imagens/produtos/', 'https://assets.nuuvem.com/image/upload/t_screenshot_full/v1/products/60087598a3f8b147910a6750/screenshots/r6uawqxqtaxbh49hf9px.jpg', FALSE, 8, NULL),
(25, '/imagens/produtos/', 'https://assets.nuuvem.com/image/upload/t_screenshot_full/v1/products/62c7039e4e421d00161d73e6/screenshots/knuzzrcby77cevubdtm6.jpg', FALSE, 9, NULL),
(26, '/imagens/produtos/', 'https://assets.nuuvem.com/image/upload/t_screenshot_full/v1/products/62c7039e4e421d00161d73e6/screenshots/n5tlcvbk1dukzlljlln2.jpg', FALSE, 9, NULL),
(27, '/imagens/produtos/', 'https://assets.nuuvem.com/image/upload/t_screenshot_full/v1/products/62c7039e4e421d00161d73e6/screenshots/hlvck5nojou1hovvnbis.jpg', FALSE, 9, NULL),
(28, '/imagens/produtos/', 'https://assets.nuuvem.com/image/upload/t_screenshot_full/v1/products/60fad187a3f8b14a5deb775b/screenshots/wscv3vrchsopys4mxfpz.jpg', FALSE, 10, NULL),
(29, '/imagens/produtos/', 'https://assets.nuuvem.com/image/upload/t_screenshot_full/v1/products/60fad187a3f8b14a5deb775b/screenshots/y9ba3zqmn34dqgu2druw.jpg', FALSE, 10, NULL),
(30, '/imagens/produtos/', 'https://assets.nuuvem.com/image/upload/t_screenshot_full/v1/products/60fad187a3f8b14a5deb775b/screenshots/jqf2yomz9swp8vzozl9r.jpg', FALSE, 10, NULL),
(31, '/imagens/produtos/', 'https://assets.nuuvem.com/image/upload/t_screenshot_full/v1/products/56d9b255d277346f9f000029/screenshots/gqhir9cgbcbxic9zusdl.jpg', FALSE, 11, NULL),
(32, '/imagens/produtos/', 'https://assets.nuuvem.com/image/upload/t_screenshot_full/v1/products/56d9b255d277346f9f000029/screenshots/c0otak4cvv12w4ss3ulw.jpg', FALSE, 11, NULL),
(33, '/imagens/produtos/', 'https://assets.nuuvem.com/image/upload/t_screenshot_full/v1/products/56d9b255d277346f9f000029/screenshots/kmr82pgbk3udir5sduim.jpg', FALSE, 11, NULL),
(34, '/imagens/produtos/', 'https://assets.nuuvem.com/image/upload/t_screenshot_full/v1/products/60c0dc92c883e604a3e41e46/screenshots/z1og1wcggd7y3xwh10qb.jpg', FALSE, 12, NULL),
(35, '/imagens/produtos/', 'https://assets.nuuvem.com/image/upload/t_screenshot_full/v1/products/60c0dc92c883e604a3e41e46/screenshots/r0wzgpboxfihtgx1rpfl.jpg', FALSE, 12, NULL),
(36, '/imagens/produtos/', 'https://assets.nuuvem.com/image/upload/t_screenshot_full/v1/products/60c0dc92c883e604a3e41e46/screenshots/pf5t1wwzijj3lobucrvj.jpg', FALSE, 12, NULL),
(37, '/imagens/produtos/', 'https://assets.nuuvem.com/image/upload/t_screenshot_full/v1/products/618418052f91a002e3f9cf6b/screenshots/sulcmvodnhfwgc6i8evb.jpg', FALSE, 13, NULL),
(38, '/imagens/produtos/', 'https://assets.nuuvem.com/image/upload/t_screenshot_full/v1/products/618418052f91a002e3f9cf6b/screenshots/dkwnd7zhavqbssv9ic6h.jpg', FALSE, 13, NULL),
(39, '/imagens/produtos/', 'https://assets.nuuvem.com/image/upload/t_screenshot_full/v1/products/618418052f91a002e3f9cf6b/screenshots/crk3pwg0d5gsifh5nazt.jpg', FALSE, 13, NULL),
(40, '/imagens/produtos/', 'https://assets.nuuvem.com/image/upload/t_screenshot_full/v1/products/5b0467082a1c6e250aceff3f/screenshots/k504smcadqc1sswiln3o.jpg', FALSE, 14, NULL),
(41, '/imagens/produtos/', 'https://assets.nuuvem.com/image/upload/t_screenshot_full/v1/products/5b0467082a1c6e250aceff3f/screenshots/lohsw1grqo7puxdsh74v.jpg', FALSE, 14, NULL),
(42, '/imagens/produtos/', 'https://assets.nuuvem.com/image/upload/t_screenshot_full/v1/products/5b0467082a1c6e250aceff3f/screenshots/wblahf6kaneifhuxea27.jpg', FALSE, 14, NULL),
(43, '/imagens/produtos/', 'https://assets.nuuvem.com/image/upload/t_screenshot_full/v1/products/570bab1cf3728033c70005b7/screenshots/an47ohqoftp5shgo3ykw.jpg', FALSE, 15, NULL),
(44, '/imagens/produtos/', 'https://assets.nuuvem.com/image/upload/t_screenshot_full/v1/products/570bab1cf3728033c70005b7/screenshots/oviczlkymrpp9iit4cue.jpg', FALSE, 15, NULL),
(45, '/imagens/produtos/', 'https://assets.nuuvem.com/image/upload/t_screenshot_full/v1/products/570bab1cf3728033c70005b7/screenshots/ihzew4brkj5jrxdolnwu.jpg', FALSE, 15, NULL),
(46, '/imagens/produtos/', 'https://assets.nuuvem.com/image/upload/t_screenshot_full/v1/products/5703b71ed277345658000059/screenshots/evoj6uxsj8doaoqnyv20.jpg', FALSE, 16, NULL),
(47, '/imagens/produtos/', 'https://assets.nuuvem.com/image/upload/t_screenshot_full/v1/products/5703b71ed277345658000059/screenshots/qbygpigwcj2jhuipdkmj.jpg', FALSE, 16, NULL),
(48, '/imagens/produtos/', 'https://assets.nuuvem.com/image/upload/t_screenshot_full/v1/products/5703b71ed277345658000059/screenshots/radgj9wgujbqd9owa1p5.jpg', FALSE, 16, NULL),
(49, '/imagens/produtos/', 'https://assets.nuuvem.com/image/upload/t_screenshot_full/v1/products/62449221b193230016108781/screenshots/ho676o03v69w1ml6bwfz.jpg', FALSE, 17, NULL),
(50, '/imagens/produtos/', 'https://assets.nuuvem.com/image/upload/t_screenshot_full/v1/products/62449221b193230016108781/screenshots/lhokrodd2lek12k1ckc3.jpg', FALSE, 17, NULL),
(51, '/imagens/produtos/', 'https://assets.nuuvem.com/image/upload/t_screenshot_full/v1/products/62449221b193230016108781/screenshots/n3nxabzcbulzlnaxdfzi.jpg', FALSE, 17, NULL),
(52, '/imagens/produtos/', 'https://assets.nuuvem.com/image/upload/t_screenshot_full/v1/products/62449221b193230016108781/screenshots/mdyibb8gohxpytvsczft.jpg', FALSE, 17, NULL),
(53, '/imagens/produtos/', 'https://assets.nuuvem.com/image/upload/t_screenshot_full/v1/products/66a136e7e4a2a7aa99b76768/screenshot/fy0rdtrl7md1sof726ah.jpg', FALSE, 18, NULL),
(54, '/imagens/produtos/', 'https://assets.nuuvem.com/image/upload/t_screenshot_full/v1/products/66a136e7e4a2a7aa99b76768/screenshot/lshona5mse7qc7opbinz.jpg', FALSE, 18, NULL),
(55, '/imagens/produtos/', 'https://assets.nuuvem.com/image/upload/t_screenshot_full/v1/products/66a136e7e4a2a7aa99b76768/screenshot/eekmxeow0bdslpjkmw6r.jpg', FALSE, 18, NULL);

INSERT INTO tb_pedido (id, cliente_id, data_pedido, forma_pagamento, status, valor_total, email_entrega) VALUES
(1, 4, '2024-11-02 17:08:34.000000', 'CARTAO_CREDITO', 'PAGO', 13.47, ''),
(2, 4, '2024-11-05 14:43:22.000000', 'BOLETO', 'AGUARDANDO_PAGAMENTO', 45.46, ''),
(3, 4, '2024-11-07 16:47:17.000000', 'BOLETO', 'AGUARDANDO_PAGAMENTO', 59.63, ''),
(4, 1, '2024-11-07 17:33:30.000000', 'BOLETO', 'AGUARDANDO_PAGAMENTO', 64.53, ''),
(5, 1, '2024-11-07 17:36:55.000000', 'BOLETO', 'AGUARDANDO_PAGAMENTO', 110.82, ''),
(6, 5, '2024-11-07 17:58:14.000000', 'CARTAO_CREDITO', 'AGUARDANDO_PAGAMENTO', 13.47, ''),
(7, 5, '2024-11-07 18:10:17.000000', 'BOLETO', 'AGUARDANDO_PAGAMENTO', 6.29, ''),
(8, 5, '2024-11-07 18:12:09.000000', 'BOLETO', 'AGUARDANDO_PAGAMENTO', 3.14, ''),
(9, 5, '2024-11-07 18:20:16.000000', 'BOLETO', 'AGUARDANDO_PAGAMENTO', 6.29, ''),
(10, 1, '2024-11-08 21:04:00.000000', 'BOLETO', 'AGUARDANDO_PAGAMENTO', 48.61, ''),
(11, 8, '2024-11-18 19:49:48.000000', 'BOLETO', 'AGUARDANDO_PAGAMENTO', 3.14, ''),
(12, 8, '2024-11-18 21:34:06.000000', 'BOLETO', 'AGUARDANDO_PAGamento', 35.68, ''),
(13, 1, '2024-11-21 10:25:54.000000', 'CARTAO_CREDITO', 'AGUARDANDO_PAGAMENTO', 13.47, 'cliente@example.com'),
(14, 1, '2024-11-21 10:40:41.000000', 'BOLETO', 'AGUARDANDO_PAGAMENTO', 13.99, 'ecthor.silva@email.com');

INSERT INTO tb_item_pedido (id, nome_produto, produto_id, quantidade, valor_unitario, pedido_id) VALUES
(1, 'LEGO The Hobbit', 5, 1, 4.49, 1),
(2, 'LEGO Batman', 6, 2, 4.49, 1),
(3, 'Cult of the Lamb', 9, 1, 64.95, 2),
(4, 'Back 4 Blood', 8, 1, 25.19, 3),
(5, 'Death''s Door', 10, 1, 59.99, 3),
(6, 'Dark Souls Remastered', 14, 1, 69.70, 4),
(7, 'Watch_Dogs 2', 2, 1, 22.49, 4),
(8, 'Back 4 Blood', 8, 2, 25.19, 5),
(9, 'LEGO The Hobbit', 5, 1, 4.49, 5),
(10, 'DARK SOULS III', 16, 1, 103.45, 5),
(11, 'LEGO The Hobbit', 5, 1, 4.49, 6),
(12, 'LEGO Batman', 6, 2, 4.49, 6),
(13, 'LEGO The Hobbit', 5, 1, 4.49, 7),
(14, 'LEGO Batman', 6, 1, 4.49, 7),
(15, 'LEGO The Hobbit', 5, 1, 4.49, 8),
(16, 'LEGO The Hobbit', 5, 1, 4.49, 9),
(17, 'LEGO Batman', 6, 1, 4.49, 9),
(18, 'Cult of the Lamb', 9, 1, 64.95, 10),
(19, 'LEGO Batman', 6, 1, 4.49, 10),
(20, 'LEGO The Hobbit', 5, 1, 4.49, 11),
(21, 'Watch_Dogs 2', 2, 2, 22.49, 12),
(22, 'Prince of Persia: The Two Thrones', 3, 1, 5.99, 12),
(23, 'LEGO The Hobbit', 5, 1, 4.49, 13),
(24, 'LEGO Batman', 6, 2, 4.49, 13),
(25, 'Far Cry 3', 1, 1, 19.99, 14);

INSERT INTO tb_usuario (id, ativo, cpf, email, grupo, nome, senha) VALUES
(3, TRUE, '12345678901', 'ecthor@email.com', 'ADMINISTRADOR', 'Ecthor Nunes', '$2a$10$7fn10cnOJl/SfeugATONKeB8OmARPmBcmNWDujm0tAR1F3BUEIsbG');